{"cameraMode":{"drawMode":0,"name":"Shaded","section":"Shading Mode"},"sceneLighting":false,"audioPlay":false,"sceneViewState":{"m_AlwaysRefresh":false,"showFog":true,"showSkybox":false,"showFlares":true,"showImageEffects":true,"showParticleSystems":true,"showVisualEffectGraphs":true,"m_FxEnabled":true},"in2DMode":false,"pivot":{"x":1.2926589250564576,"y":0.9849942922592163,"z":-4.91838264465332},"rotation":{"x":-0.08420898765325546,"y":0.0050790379755198959,"z":-0.0004292998928576708,"w":-0.9964358806610107},"size":0.8660253882408142,"orthographic":false}